{"cameraMode":{"drawMode":0,"name":"Shaded","section":"Shading Mode"},"sceneLighting":true,"audioPlay":false,"sceneViewState":{"showFog":false,"showMaterialUpdate":false,"showSkybox":false,"showFlares":false,"showImageEffects":false,"showParticleSystems":false},"in2DMode":false,"pivot":{"x":-0.39045819640159609,"y":0.08099818229675293,"z":-3.4216103553771974},"rotation":{"x":-0.19851909577846528,"y":0.7900772094726563,"z":-0.3278256952762604,"w":-0.4784410893917084},"size":7.718965530395508,"orthographic":false}