{"cameraMode":{"drawMode":0,"name":"Shaded","section":"Shading Mode"},"sceneLighting":true,"audioPlay":false,"sceneViewState":{"showFog":false,"showMaterialUpdate":false,"showSkybox":false,"showFlares":false,"showImageEffects":false,"showParticleSystems":false},"in2DMode":false,"pivot":{"x":-4.990462303161621,"y":15.808609962463379,"z":-3.6999030113220217},"rotation":{"x":0.06362465023994446,"y":0.6938962936401367,"z":0.06177959218621254,"w":-0.7146074771881104},"size":19.894332885742189,"orthographic":false}