{"cameraMode":{"drawMode":0,"name":"Shaded","section":"Shading Mode"},"sceneLighting":true,"audioPlay":false,"sceneViewState":{"showFog":false,"showMaterialUpdate":false,"showSkybox":false,"showFlares":false,"showImageEffects":false,"showParticleSystems":false},"in2DMode":false,"pivot":{"x":-5.776371002197266,"y":3.9923458099365236,"z":-1.8865344524383546},"rotation":{"x":-0.04615521430969238,"y":-0.48462775349617007,"z":0.025613535195589067,"w":-0.8731417655944824},"size":7.952744960784912,"orthographic":false}