{"cameraMode":{"drawMode":0,"name":"Shaded","section":"Shading Mode"},"sceneLighting":true,"audioPlay":false,"sceneViewState":{"showFog":false,"showMaterialUpdate":false,"showSkybox":false,"showFlares":false,"showImageEffects":false,"showParticleSystems":false},"in2DMode":false,"pivot":{"x":-18.735252380371095,"y":23.906518936157228,"z":-0.9636297225952148},"rotation":{"x":0.22544361650943757,"y":-0.008461423218250275,"z":0.0019661602564156057,"w":0.9742456674575806},"size":33.398460388183597,"orthographic":false}