{"cameraMode":{"drawMode":0,"name":"Shaded","section":"Shading Mode"},"sceneLighting":true,"audioPlay":false,"sceneViewState":{"showFog":false,"showMaterialUpdate":false,"showSkybox":false,"showFlares":false,"showImageEffects":false,"showParticleSystems":false},"in2DMode":false,"pivot":{"x":-1.190639853477478,"y":6.1636176109313969,"z":6.747159957885742},"rotation":{"x":0.0018221776699647308,"y":0.9528302550315857,"z":-0.3035385012626648,"w":0.0056991069577634338},"size":5.417362689971924,"orthographic":false}