{"cameraMode":{"drawMode":0,"name":"Shaded","section":"Shading Mode"},"sceneLighting":true,"audioPlay":false,"sceneViewState":{"showFog":false,"showMaterialUpdate":false,"showSkybox":false,"showFlares":false,"showImageEffects":false,"showParticleSystems":false},"in2DMode":false,"pivot":{"x":-18.804039001464845,"y":24.165021896362306,"z":1.8169275522232056},"rotation":{"x":0.001105559873394668,"y":0.9974219799041748,"z":0.015559684485197068,"w":-0.07045169174671173},"size":33.9618034362793,"orthographic":false}